filename,predicted_class,confidence,lesion_pixels,leaf_pixels,severity_percentage,severity_category
101405.jpg,hispa,0.9106,506,50176,1.01,Mild (0-10%)
107798.jpg,blast,0.9503,10479,49731,21.07,Moderate (10-25%)
110393.jpg,normal,0.9489,0,50176,0.0,Healthy (Normal)
101139.jpg,bacterial_panicle_blight,0.7921,4253,47304,8.99,Mild (0-10%)
104618.jpg,blast,0.878,985,50176,1.96,Mild (0-10%)
108877.jpg,bacterial_panicle_blight,0.8284,4383,50107,8.75,Mild (0-10%)
101591.jpg,normal,0.9375,0,47164,0.0,Healthy (Normal)
102515.jpg,blast,0.8894,3017,50091,6.02,Mild (0-10%)
107076.jpg,blast,0.9238,1685,50128,3.36,Mild (0-10%)
107137.jpg,brown_spot,0.8389,2042,50176,4.07,Mild (0-10%)
104260.jpg,downy_mildew,0.943,15284,47971,31.86,Severe (25-50%)
106458.jpg,dead_heart,0.9134,1599,49417,3.24,Mild (0-10%)
101041.jpg,normal,0.92,0,50065,0.0,Healthy (Normal)
102837.jpg,downy_mildew,0.9607,713,50176,1.42,Mild (0-10%)
103039.jpg,tungro,0.9142,824,50142,1.64,Mild (0-10%)
100003.jpg,hispa,0.8845,1606,50176,3.2,Mild (0-10%)
105882.jpg,blast,0.9309,11226,50176,22.37,Moderate (10-25%)
105025.jpg,bacterial_leaf_streak,0.892,2012,50123,4.01,Mild (0-10%)
106059.jpg,blast,0.9033,2856,50176,5.69,Mild (0-10%)
105786.jpg,downy_mildew,0.9413,2056,50176,4.1,Mild (0-10%)
